<?xml version="1.0" ?><hashtable><entry><string>admin</string><Server.User.UserDescription><role>ADMINISTRATOR</role><login>admin</login><password>92668751</password><name>Andrey</name></Server.User.UserDescription></entry><entry><string>guest2</string><Server.User.UserDescription><role>GUEST</role><login>guest2</login><password>-1234989734</password><name>Timofey</name></Server.User.UserDescription></entry><entry><string>user3</string><Server.User.UserDescription><role>USER</role><login>user3</login><password>111578568</password><name>Tatsiana</name></Server.User.UserDescription></entry><entry><string>guest1</string><Server.User.UserDescription><role>GUEST</role><login>guest1</login><password>-1234989735</password><name>Mihail</name></Server.User.UserDescription></entry><entry><string>user2</string><Server.User.UserDescription><role>USER</role><login>user2</login><password>111578567</password><name>Dmitriy</name></Server.User.UserDescription></entry><entry><string>user1</string><Server.User.UserDescription><role>USER</role><login>user1</login><password>111578566</password><name>Roman</name></Server.User.UserDescription></entry></hashtable>