<hashtable>
  <entry>
    <string>admin</string>
    <general.user.UserDescription>
      <role>ADMIN</role>
      <login>admin</login>
      <password>92668751</password>
      <name>Andrey</name>
    </general.user.UserDescription>
  </entry>
  <entry>
    <string>guest2</string>
    <general.user.UserDescription>
      <role>GUEST</role>
      <login>guest2</login>
      <password>-1234989734</password>
      <name>Timofey</name>
    </general.user.UserDescription>
  </entry>
  <entry>
    <string>user3</string>
    <general.user.UserDescription>
      <role>USER</role>
      <login>user3</login>
      <password>111578568</password>
      <name>Tatsiana</name>
    </general.user.UserDescription>
  </entry>
  <entry>
    <string>guest1</string>
    <general.user.UserDescription>
      <role>GUEST</role>
      <login>guest1</login>
      <password>-1234989735</password>
      <name>Mihail</name>
    </general.user.UserDescription>
  </entry>
  <entry>
    <string>user2</string>
    <general.user.UserDescription>
      <role>USER</role>
      <login>user2</login>
      <password>111578567</password>
      <name>Dmitriy</name>
    </general.user.UserDescription>
  </entry>
  <entry>
    <string>user1</string>
    <general.user.UserDescription>
      <role>USER</role>
      <login>user1</login>
      <password>111578566</password>
      <name>Roman</name>
    </general.user.UserDescription>
  </entry>
</hashtable>